{"cameraMode":{"drawMode":0,"name":"Shaded","section":"Shading Mode"},"sceneLighting":false,"audioPlay":false,"sceneViewState":{"showFog":true,"showMaterialUpdate":false,"showSkybox":false,"showFlares":true,"showImageEffects":true,"showParticleSystems":true},"in2DMode":false,"pivot":{"x":-0.023000001907348634,"y":1.7200000286102296,"z":2.0299999713897707},"rotation":{"x":0.20531690120697022,"y":-0.33991539478302,"z":0.07627122104167938,"w":0.9146192669868469},"size":2.2449944019317629,"orthographic":false}