{"cameraMode":{"drawMode":0,"name":"Shaded","section":"Shading Mode"},"sceneLighting":false,"audioPlay":false,"sceneViewState":{"showFog":true,"showMaterialUpdate":false,"showSkybox":false,"showFlares":true,"showImageEffects":true,"showParticleSystems":true},"in2DMode":false,"pivot":{"x":0.9295655488967896,"y":-2.254075050354004,"z":0.964043915271759},"rotation":{"x":0.4950360357761383,"y":-0.4980548322200775,"z":0.4410787522792816,"w":0.5589656233787537},"size":7.082878112792969,"orthographic":false}